{"DefaultTint":{"r":0.7547169923782349,"g":0.7547169923782349,"b":0.7547169923782349,"a":0.3607843220233917},"FoldersData":{"Keys":["1603863eeed49bd40a74313c69472a80","1bbcf5dc4cee95b41a61e9b903820df6","7121b516bd3d5e14ba9e0901d6296f31","b93bdc28166fdac42b1f163e95e0766e"],"Values":[{"_guid":"1603863eeed49bd40a74313c69472a80","_color":{"r":0.24000000953674317,"g":0.48945698142051699,"b":0.800000011920929,"a":0.699999988079071},"_recursive":true},{"_guid":"1bbcf5dc4cee95b41a61e9b903820df6","_color":{"r":0.800000011920929,"g":0.24000000953674317,"b":0.33883431553840639,"a":0.699999988079071},"_recursive":true},{"_guid":"7121b516bd3d5e14ba9e0901d6296f31","_color":{"r":0.24000000953674317,"g":0.800000011920929,"b":0.40570634603500368,"a":0.699999988079071},"_recursive":true},{"_guid":"b93bdc28166fdac42b1f163e95e0766e","_color":{"r":0.24000000953674317,"g":0.800000011920929,"b":0.7711173892021179,"a":0.699999988079071},"_recursive":true}]}}